1,CTM
2,QC PLUS
3,Makro
4,Big-C
5,Lyreco
6,3M
7,OWIRE
8,ThaiBulk SMS
9,เดอะ เด็นทอล ลีดเดอร์
10,กระต่าย
11,LINK
12,Dahua
13,Western Digital
14,LOGITECH
15,Vention
16,TP-LINK
17,Xiaomi
18,Xprinter
19,Apple
20,Intel
21,AMD
22,ACER
23,Zircon
24,BROTHER
25,สมโชค Maerketing
26,นูเด้น
27,ACCORD
28,SD ทันตเวช
29,Kerr
30,Eminance/NSK
31,DKSH
32,บริษัท เสนา
33,Dent Mate
34,3M / DKSH
35,DKSH/dentspy
36,Unity
37,ACCORD สั่งเพิ่ม
38,ปาลิน
39,เซี่ยงไฮ้
40,คณะทันตแพทย์ จุฬา
41,VRP Dent
42,ทันตสยาม
43,Lion Care
44,alexpress
45,DENTAL VISION
46,DDI
47,Bangkok Dental Supply
48,Dentmate
49,DDS
50,Ortholine
51,W&H
52,Orthobrite
53,Pacific
54,ACCORD/ORTHO
55,AOSC
56,I Dew plus
57,Dental Innovision
58,OSSTEM
59,W&H สั่งเพิ่ม
60,NANA Ortho
61,UDOM MEDICAL
62,DKSH ปลา
63,ชูมิต
64,ดาร์ฟี่
65,HOMEDENT
66,Teego dental caer
67,Deva
68,SMS
69,DKSH colgate
70,โอสถอินเตอร์
