1,ThaiBulk SMS
2, BLACKBERRY
3,CAMEL(คาเมล)
4,Lenovo
5,Huawei
6,Acer
7,XIAOMI
8,Mitsubishi​ Econo 
9,Durr
10,CTM
11,NSK Prophy
12,3M / DKSH
13,Orthobrite
14,Ortholine
15,NSK Panaair FX
16,W&H
17,NSK FX65
18,W&H HE-43 
19,NSK FX57
20,NSK (คาดน้ำเงิน)
21,NSK FX23
22,WE-56 W&H
23,AM-25 RM W&H
24,NSK
25,MONITEX
26,SPEC 3
27,Other
28,Woodpacker
29,B-Cure
30,NSK VOLVERE i7
31,Jeradent
32,Watashi
33,Strong
34,ID Fast
35,MATALL
36,Vivadent
37,portable X-ray system
38,ยูไนเต็ด 
39,INTENSIV
40,Worrex
41,Fast ID
42,koncept furniture
